stim,radius,angle,area,angle_psy,radius_psy
13,85,25,14681.491501619801,9.818056926810664,7.222251006984481
